Sample_id,Antibody,hig_imp_fac,Escaping_mutations
170337,COV2-2130,-1.6,"[('S:E484A', -1.4), ('S:N440K', -1.5), ('S:G339D', -1.6), ('S:S477N', -1.6)]"
170337,COV2-2196,-4.9,"[('S:N440K', -1.4), ('S:S477N', -1.5), ('S:G339D', -1.7), ('S:E484A', -4.9)]"
170337,S309,-4.0,"[('S:E484A', -1.4), ('S:S477N', -1.9), ('S:N440K', -2.3), ('S:G339D', -4.0)]"
170716,COV2-2130,-2.9,"[('S:E484A', -1.4), ('S:N440K', -1.5), ('S:G339D', -1.6), ('S:S477N', -1.6), ('S:R346K', -2.9)]"
170716,COV2-2196,-4.9,"[('S:R346K', -1.3), ('S:N440K', -1.4), ('S:S477N', -1.5), ('S:G339D', -1.7), ('S:E484A', -4.9)]"
170716,S309,-4.0,"[('S:R346K', -1.4), ('S:E484A', -1.4), ('S:S477N', -1.9), ('S:N440K', -2.3), ('S:G339D', -4.0)]"
170720,COV2-2130,-2.9,"[('S:E484A', -1.4), ('S:N440K', -1.5), ('S:G339D', -1.6), ('S:S477N', -1.6), ('S:R346K', -2.9)]"
170720,COV2-2196,-4.9,"[('S:R346K', -1.3), ('S:N440K', -1.4), ('S:S477N', -1.5), ('S:G339D', -1.7), ('S:E484A', -4.9)]"
170720,S309,-4.0,"[('S:R346K', -1.4), ('S:E484A', -1.4), ('S:S477N', -1.9), ('S:N440K', -2.3), ('S:G339D', -4.0)]"
170722,COV2-2130,-2.9,"[('S:E484A', -1.4), ('S:N440K', -1.5), ('S:G339D', -1.6), ('S:S477N', -1.6), ('S:R346K', -2.9)]"
170722,COV2-2196,-4.9,"[('S:R346K', -1.3), ('S:N440K', -1.4), ('S:S477N', -1.5), ('S:G339D', -1.7), ('S:E484A', -4.9)]"
170722,S309,-4.0,"[('S:R346K', -1.4), ('S:E484A', -1.4), ('S:S477N', -1.9), ('S:N440K', -2.3), ('S:G339D', -4.0)]"
170727,COV2-2130,-2.9,"[('S:E484A', -1.4), ('S:N440K', -1.5), ('S:G339D', -1.6), ('S:S477N', -1.6), ('S:R346K', -2.9)]"
170727,COV2-2196,-4.9,"[('S:R346K', -1.3), ('S:N440K', -1.4), ('S:S477N', -1.5), ('S:G339D', -1.7), ('S:E484A', -4.9)]"
170727,S309,-4.0,"[('S:R346K', -1.4), ('S:E484A', -1.4), ('S:S477N', -1.9), ('S:N440K', -2.3), ('S:G339D', -4.0)]"
170729,COV2-2130,-2.9,"[('S:E484A', -1.4), ('S:N440K', -1.5), ('S:G339D', -1.6), ('S:S477N', -1.6), ('S:R346K', -2.9)]"
170729,COV2-2196,-4.9,"[('S:R346K', -1.3), ('S:N440K', -1.4), ('S:S477N', -1.5), ('S:G339D', -1.7), ('S:E484A', -4.9)]"
170729,S309,-4.0,"[('S:R346K', -1.4), ('S:E484A', -1.4), ('S:S477N', -1.9), ('S:N440K', -2.3), ('S:G339D', -4.0)]"
170858,COV2-2130,-2.9,"[('S:E484A', -1.4), ('S:N440K', -1.5), ('S:G339D', -1.6), ('S:S477N', -1.6), ('S:R346K', -2.9)]"
170858,COV2-2196,-4.9,"[('S:R346K', -1.3), ('S:N440K', -1.4), ('S:S477N', -1.5), ('S:G339D', -1.7), ('S:E484A', -4.9)]"
170858,S309,-4.0,"[('S:R346K', -1.4), ('S:E484A', -1.4), ('S:S477N', -1.9), ('S:N440K', -2.3), ('S:G339D', -4.0)]"
171205,COV2-2130,-2.9,"[('S:E484A', -1.4), ('S:N440K', -1.5), ('S:G339D', -1.6), ('S:S477N', -1.6), ('S:R346K', -2.9)]"
171205,COV2-2196,-4.9,"[('S:R346K', -1.3), ('S:N440K', -1.4), ('S:S477N', -1.5), ('S:G339D', -1.7), ('S:E484A', -4.9)]"
171205,S309,-4.0,"[('S:R346K', -1.4), ('S:E484A', -1.4), ('S:S477N', -1.9), ('S:N440K', -2.3), ('S:G339D', -4.0)]"
171242,COV2-2130,-2.9,"[('S:E484A', -1.4), ('S:N440K', -1.5), ('S:G339D', -1.6), ('S:S477N', -1.6), ('S:R346K', -2.9)]"
171242,COV2-2196,-4.9,"[('S:R346K', -1.3), ('S:N440K', -1.4), ('S:S477N', -1.5), ('S:G339D', -1.7), ('S:E484A', -4.9)]"
171242,S309,-4.0,"[('S:R346K', -1.4), ('S:E484A', -1.4), ('S:S477N', -1.9), ('S:N440K', -2.3), ('S:G339D', -4.0)]"
171402,COV2-2130,-2.9,"[('S:E484A', -1.4), ('S:N440K', -1.5), ('S:G339D', -1.6), ('S:S477N', -1.6), ('S:R346K', -2.9)]"
171402,COV2-2196,-4.9,"[('S:R346K', -1.3), ('S:N440K', -1.4), ('S:S477N', -1.5), ('S:G339D', -1.7), ('S:E484A', -4.9)]"
171402,S309,-4.0,"[('S:R346K', -1.4), ('S:E484A', -1.4), ('S:S477N', -1.9), ('S:N440K', -2.3), ('S:G339D', -4.0)]"
171795,COV2-2130,-2.9,"[('S:E484A', -1.4), ('S:N440K', -1.5), ('S:G339D', -1.6), ('S:S477N', -1.6), ('S:R346K', -2.9)]"
171795,COV2-2196,-4.9,"[('S:R346K', -1.3), ('S:N440K', -1.4), ('S:S477N', -1.5), ('S:G339D', -1.7), ('S:E484A', -4.9)]"
171795,S309,-4.0,"[('S:R346K', -1.4), ('S:E484A', -1.4), ('S:S477N', -1.9), ('S:N440K', -2.3), ('S:G339D', -4.0)]"
171842,COV2-2130,-2.9,"[('S:E484A', -1.4), ('S:N440K', -1.5), ('S:G339D', -1.6), ('S:S477N', -1.6), ('S:R346K', -2.9)]"
171842,COV2-2196,-4.9,"[('S:R346K', -1.3), ('S:N440K', -1.4), ('S:S477N', -1.5), ('S:G339D', -1.7), ('S:E484A', -4.9)]"
171842,S309,-4.0,"[('S:R346K', -1.4), ('S:E484A', -1.4), ('S:S477N', -1.9), ('S:N440K', -2.3), ('S:G339D', -4.0)]"
171877,COV2-2130,-2.9,"[('S:E484A', -1.4), ('S:N440K', -1.5), ('S:G339D', -1.6), ('S:S477N', -1.6), ('S:R346K', -2.9)]"
171877,COV2-2196,-4.9,"[('S:R346K', -1.3), ('S:N440K', -1.4), ('S:S477N', -1.5), ('S:G339D', -1.7), ('S:E484A', -4.9)]"
171877,S309,-4.0,"[('S:R346K', -1.4), ('S:E484A', -1.4), ('S:S477N', -1.9), ('S:N440K', -2.3), ('S:G339D', -4.0)]"
171971,COV2-2130,-2.9,"[('S:E484A', -1.4), ('S:N440K', -1.5), ('S:G339D', -1.6), ('S:S477N', -1.6), ('S:R346K', -2.9)]"
171971,COV2-2196,-4.9,"[('S:R346K', -1.3), ('S:N440K', -1.4), ('S:S477N', -1.5), ('S:G339D', -1.7), ('S:E484A', -4.9)]"
171971,S309,-4.0,"[('S:R346K', -1.4), ('S:E484A', -1.4), ('S:S477N', -1.9), ('S:N440K', -2.3), ('S:G339D', -4.0)]"
171972,COV2-2130,-2.9,"[('S:E484A', -1.4), ('S:N440K', -1.5), ('S:G339D', -1.6), ('S:S477N', -1.6), ('S:R346K', -2.9)]"
171972,COV2-2196,-4.9,"[('S:R346K', -1.3), ('S:N440K', -1.4), ('S:S477N', -1.5), ('S:G339D', -1.7), ('S:E484A', -4.9)]"
171972,S309,-4.0,"[('S:R346K', -1.4), ('S:E484A', -1.4), ('S:S477N', -1.9), ('S:N440K', -2.3), ('S:G339D', -4.0)]"
172224,COV2-2130,-2.9,"[('S:E484A', -1.4), ('S:N440K', -1.5), ('S:G339D', -1.6), ('S:S477N', -1.6), ('S:R346K', -2.9)]"
172224,COV2-2196,-4.9,"[('S:R346K', -1.3), ('S:N440K', -1.4), ('S:S477N', -1.5), ('S:G339D', -1.7), ('S:E484A', -4.9)]"
172224,S309,-4.0,"[('S:R346K', -1.4), ('S:E484A', -1.4), ('S:S477N', -1.9), ('S:N440K', -2.3), ('S:G339D', -4.0)]"
172231,COV2-2130,-2.9,"[('S:E484A', -1.4), ('S:N440K', -1.5), ('S:G339D', -1.6), ('S:S477N', -1.6), ('S:R346K', -2.9)]"
172231,COV2-2196,-4.9,"[('S:R346K', -1.3), ('S:N440K', -1.4), ('S:S477N', -1.5), ('S:G339D', -1.7), ('S:E484A', -4.9)]"
172231,S309,-4.0,"[('S:R346K', -1.4), ('S:E484A', -1.4), ('S:S477N', -1.9), ('S:N440K', -2.3), ('S:G339D', -4.0)]"
172232,COV2-2130,-2.9,"[('S:E484A', -1.4), ('S:N440K', -1.5), ('S:G339D', -1.6), ('S:S477N', -1.6), ('S:R346K', -2.9)]"
172232,COV2-2196,-4.9,"[('S:R346K', -1.3), ('S:N440K', -1.4), ('S:S477N', -1.5), ('S:G339D', -1.7), ('S:E484A', -4.9)]"
172232,S309,-4.0,"[('S:R346K', -1.4), ('S:E484A', -1.4), ('S:S477N', -1.9), ('S:N440K', -2.3), ('S:G339D', -4.0)]"
172236,COV2-2130,-2.9,"[('S:E484A', -1.4), ('S:N440K', -1.5), ('S:G339D', -1.6), ('S:S477N', -1.6), ('S:R346K', -2.9)]"
172236,COV2-2196,-4.9,"[('S:R346K', -1.3), ('S:N440K', -1.4), ('S:S477N', -1.5), ('S:G339D', -1.7), ('S:E484A', -4.9)]"
172236,S309,-4.0,"[('S:R346K', -1.4), ('S:E484A', -1.4), ('S:S477N', -1.9), ('S:N440K', -2.3), ('S:G339D', -4.0)]"
172252,COV2-2130,-2.9,"[('S:E484A', -1.4), ('S:N440K', -1.5), ('S:G339D', -1.6), ('S:S477N', -1.6), ('S:R346K', -2.9)]"
172252,COV2-2196,-4.9,"[('S:R346K', -1.3), ('S:N440K', -1.4), ('S:S477N', -1.5), ('S:G339D', -1.7), ('S:E484A', -4.9)]"
172252,S309,-4.0,"[('S:R346K', -1.4), ('S:E484A', -1.4), ('S:S477N', -1.9), ('S:N440K', -2.3), ('S:G339D', -4.0)]"
172264,COV2-2130,-2.9,"[('S:E484A', -1.4), ('S:N440K', -1.5), ('S:G339D', -1.6), ('S:S477N', -1.6), ('S:R346K', -2.9)]"
172264,COV2-2196,-4.9,"[('S:R346K', -1.3), ('S:N440K', -1.4), ('S:S477N', -1.5), ('S:G339D', -1.7), ('S:E484A', -4.9)]"
172264,S309,-4.0,"[('S:R346K', -1.4), ('S:E484A', -1.4), ('S:S477N', -1.9), ('S:N440K', -2.3), ('S:G339D', -4.0)]"
172332,COV2-2196,-4.9,"[('S:G446S', -1.1), ('S:R346K', -1.3), ('S:N440K', -1.4), ('S:S477N', -1.5), ('S:G339D', -1.7), ('S:E484A', -4.9)]"
172332,S309,-4.0,"[('S:R346K', -1.4), ('S:E484A', -1.4), ('S:G446S', -1.7), ('S:S477N', -1.9), ('S:N440K', -2.3), ('S:G339D', -4.0)]"
172332,COV2-2130,-3.7,"[('S:E484A', -1.4), ('S:N440K', -1.5), ('S:G339D', -1.6), ('S:S477N', -1.6), ('S:R346K', -2.9), ('S:G446S', -3.7)]"
172355,COV2-2196,-4.9,"[('S:G446S', -1.1), ('S:R346K', -1.3), ('S:N440K', -1.4), ('S:S477N', -1.5), ('S:G339D', -1.7), ('S:E484A', -4.9)]"
172355,S309,-4.0,"[('S:R346K', -1.4), ('S:E484A', -1.4), ('S:G446S', -1.7), ('S:S477N', -1.9), ('S:N440K', -2.3), ('S:G339D', -4.0)]"
172355,COV2-2130,-3.7,"[('S:E484A', -1.4), ('S:N440K', -1.5), ('S:G339D', -1.6), ('S:S477N', -1.6), ('S:R346K', -2.9), ('S:G446S', -3.7)]"
172471,COV2-2196,-4.9,"[('S:G446S', -1.1), ('S:R346K', -1.3), ('S:N440K', -1.4), ('S:S477N', -1.5), ('S:G339D', -1.7), ('S:E484A', -4.9)]"
172471,S309,-4.0,"[('S:R346K', -1.4), ('S:E484A', -1.4), ('S:G446S', -1.7), ('S:S477N', -1.9), ('S:N440K', -2.3), ('S:G339D', -4.0)]"
172471,COV2-2130,-3.7,"[('S:E484A', -1.4), ('S:N440K', -1.5), ('S:G339D', -1.6), ('S:S477N', -1.6), ('S:R346K', -2.9), ('S:G446S', -3.7)]"
172472,COV2-2196,-4.9,"[('S:G446S', -1.1), ('S:R346K', -1.3), ('S:N440K', -1.4), ('S:S477N', -1.5), ('S:G339D', -1.7), ('S:E484A', -4.9)]"
172472,S309,-4.0,"[('S:R346K', -1.4), ('S:E484A', -1.4), ('S:G446S', -1.7), ('S:S477N', -1.9), ('S:N440K', -2.3), ('S:G339D', -4.0)]"
172472,COV2-2130,-3.7,"[('S:E484A', -1.4), ('S:N440K', -1.5), ('S:G339D', -1.6), ('S:S477N', -1.6), ('S:R346K', -2.9), ('S:G446S', -3.7)]"
172591,COV2-2196,-4.9,"[('S:G446S', -1.1), ('S:R346K', -1.3), ('S:N440K', -1.4), ('S:S477N', -1.5), ('S:G339D', -1.7), ('S:E484A', -4.9)]"
172591,S309,-4.0,"[('S:R346K', -1.4), ('S:E484A', -1.4), ('S:G446S', -1.7), ('S:S477N', -1.9), ('S:N440K', -2.3), ('S:G339D', -4.0)]"
172591,COV2-2130,-3.7,"[('S:E484A', -1.4), ('S:N440K', -1.5), ('S:G339D', -1.6), ('S:S477N', -1.6), ('S:R346K', -2.9), ('S:G446S', -3.7)]"
172595,COV2-2196,-4.9,"[('S:G446S', -1.1), ('S:R346K', -1.3), ('S:N440K', -1.4), ('S:S477N', -1.5), ('S:G339D', -1.7), ('S:E484A', -4.9)]"
172595,S309,-4.0,"[('S:R346K', -1.4), ('S:E484A', -1.4), ('S:G446S', -1.7), ('S:S477N', -1.9), ('S:N440K', -2.3), ('S:G339D', -4.0)]"
172595,COV2-2130,-3.7,"[('S:E484A', -1.4), ('S:N440K', -1.5), ('S:G339D', -1.6), ('S:S477N', -1.6), ('S:R346K', -2.9), ('S:G446S', -3.7)]"
172613,COV2-2196,-4.9,"[('S:G446S', -1.1), ('S:R346K', -1.3), ('S:N440K', -1.4), ('S:S477N', -1.5), ('S:G339D', -1.7), ('S:E484A', -4.9)]"
172613,S309,-4.0,"[('S:R346K', -1.4), ('S:E484A', -1.4), ('S:G446S', -1.7), ('S:S477N', -1.9), ('S:N440K', -2.3), ('S:G339D', -4.0)]"
172613,COV2-2130,-3.7,"[('S:E484A', -1.4), ('S:N440K', -1.5), ('S:G339D', -1.6), ('S:S477N', -1.6), ('S:R346K', -2.9), ('S:G446S', -3.7)]"
172695,COV2-2196,-4.9,"[('S:G446S', -1.1), ('S:R346K', -1.3), ('S:N440K', -1.4), ('S:S477N', -1.5), ('S:G339D', -1.7), ('S:E484A', -4.9)]"
172695,S309,-4.0,"[('S:R346K', -1.4), ('S:E484A', -1.4), ('S:G446S', -1.7), ('S:S477N', -1.9), ('S:N440K', -2.3), ('S:G339D', -4.0)]"
172695,COV2-2130,-3.7,"[('S:E484A', -1.4), ('S:N440K', -1.5), ('S:G339D', -1.6), ('S:S477N', -1.6), ('S:R346K', -2.9), ('S:G446S', -3.7)]"
172756,COV2-2196,-4.9,"[('S:G446S', -1.1), ('S:R346K', -1.3), ('S:N440K', -1.4), ('S:S477N', -1.5), ('S:G339D', -1.7), ('S:E484A', -4.9)]"
172756,S309,-4.0,"[('S:R346K', -1.4), ('S:E484A', -1.4), ('S:G446S', -1.7), ('S:S477N', -1.9), ('S:N440K', -2.3), ('S:G339D', -4.0)]"
172756,COV2-2130,-3.7,"[('S:E484A', -1.4), ('S:N440K', -1.5), ('S:G339D', -1.6), ('S:S477N', -1.6), ('S:R346K', -2.9), ('S:G446S', -3.7)]"
172900,COV2-2196,-4.9,"[('S:G446S', -1.1), ('S:R346K', -1.3), ('S:N440K', -1.4), ('S:S477N', -1.5), ('S:G339D', -1.7), ('S:E484A', -4.9)]"
172900,S309,-4.0,"[('S:R346K', -1.4), ('S:E484A', -1.4), ('S:G446S', -1.7), ('S:S477N', -1.9), ('S:N440K', -2.3), ('S:G339D', -4.0)]"
172900,COV2-2130,-3.7,"[('S:E484A', -1.4), ('S:N440K', -1.5), ('S:G339D', -1.6), ('S:S477N', -1.6), ('S:R346K', -2.9), ('S:G446S', -3.7)]"
173123,COV2-2196,-4.9,"[('S:G446S', -1.1), ('S:R346K', -1.3), ('S:N440K', -1.4), ('S:S477N', -1.5), ('S:G339D', -1.7), ('S:E484A', -4.9)]"
173123,S309,-4.0,"[('S:R346K', -1.4), ('S:E484A', -1.4), ('S:G446S', -1.7), ('S:S477N', -1.9), ('S:N440K', -2.3), ('S:G339D', -4.0)]"
173123,COV2-2130,-3.7,"[('S:E484A', -1.4), ('S:N440K', -1.5), ('S:G339D', -1.6), ('S:S477N', -1.6), ('S:R346K', -2.9), ('S:G446S', -3.7)]"
